{
    "Modules": {
        "...MASTER...": {
            "child_modules": {
                "std": 1,
                "tb_top": 1
            },
            "start_perf": [
                0.17618584632873535,
                0.052202999999999999,
                0.024013,
                361104,
                443156,
                1678078384.5212719,
                11663183456057
            ],
            "nMops": 0,
            "end_perf": [
                0.18148088455200195,
                0.052932,
                0.025406999999999999,
                362592,
                443156,
                11663196701181,
                0,
                0
            ],
            "nRouts": 5,
            "nQuads": 0
        },
        "std": {
            "start_perf": [
                0.18155598640441895,
                0.052982000000000001,
                0.025430999999999999,
                362592,
                443156,
                1678078384.5266421,
                11663196854779
            ],
            "child_modules": {},
            "Compiled": "Yes",
            "svclass": [
                "$vcs_nba_dyn_obj",
                0,
                35,
                2,
                2,
                0,
                "sigprop$$",
                0,
                35,
                2,
                2,
                0,
                "process",
                0,
                200,
                8,
                8,
                0,
                "event",
                0,
                34,
                2,
                2,
                0,
                "mailbox",
                0,
                140,
                9,
                9,
                0,
                "semaphore",
                0,
                84,
                5,
                5,
                0
            ],
            "Compiled Times": 3,
            "end_perf": [
                0.18382096290588379,
                0.055201,
                0.025477,
                362604,
                443156,
                11663202528349,
                8589934594,
                0
            ],
            "nMops": 528,
            "nRouts": 33,
            "nQuads": 218
        },
        "tb_top": {
            "child_modules": {},
            "start_perf": [
                0.18385791778564453,
                0.055226999999999998,
                0.025489000000000001,
                362604,
                443156,
                1678078384.528944,
                11663202599843
            ],
            "Compiled": "Yes",
            "Compiled Times": 3,
            "nMops": 1183,
            "end_perf": [
                0.20012187957763672,
                0.071467000000000003,
                0.025489000000000001,
                370800,
                443156,
                11663243248856,
                12884901889,
                0
            ],
            "nRouts": 71,
            "nQuads": 561
        }
    },
    "CompUnits": {
        "jdPWL_d": {
            "archive": "archive.2/_35075_archive_1.a",
            "out": "jdPWL_d.o",
            "mod": "tb_top",
            "mode": 4,
            "bytes": 27526,
            "text": 11785,
            "checksum": 0
        }
    },
    "ObjArchives": [
        {
            "archive": "archive.2/_35075_archive_1.a",
            "objects": [
                [
                    "jdPWL_d.o",
                    27526
                ],
                [
                    "amcQwB.o",
                    100584
                ]
            ],
            "size": 128110
        }
    ],
    "reusePaths": {
        "amcQw_d": {
            "icPath": "csrc"
        },
        "reYIK_d": {
            "icPath": "csrc"
        }
    },
    "stat": {
        "ru_self_end": {
            "ru_majflt": 0,
            "ru_utime_sec": 0.075009000000000006,
            "ru_minflt": 31990,
            "ru_stime_sec": 0.026044000000000001,
            "ru_maxrss_kb": 88080,
            "ru_nvcsw": 79,
            "ru_nivcsw": 6
        },
        "ru_childs_end": {
            "ru_majflt": 0,
            "ru_utime_sec": 0.012226000000000001,
            "ru_minflt": 6723,
            "ru_stime_sec": 0.0087250000000000001,
            "ru_maxrss_kb": 25536,
            "ru_nvcsw": 18,
            "ru_nivcsw": 7
        },
        "cpu_cycles_end": 11663253410202,
        "peak_mem_kb": 443156
    }
}